role,docs_path,unity_path,width,height,runtime_width,runtime_height,color_type,alpha_required,runtime_max_texture_size,runtime_source_size,sha256,unity_sha256,classification,usage
login_background,docs/reference-art/v3b/runtime-candidates/login/login_background_spirit_gate_1920x1080_v3b_candidate.png,client/Unity/Assets/Game/Art/Runtime/V3B/Resources/LGOArtV3B/Login/login_background_spirit_gate_1920x1080_v3b_candidate.jpg,1920,1080,1920,1080,2,no,2048,1920,af1ba6e33865b8da97f9ed6d392d060cfdbe3a2e58a829a2ddc7bb266a827279,b2ca5d9ba64b7f7c7da04b6c3b5cfc84e8492c7145a3924f1ea45f91e509def5,LGO_ART_V3B_RUNTIME_CANDIDATE_NOT_PRODUCTION_FINAL,Login/Gate Entry background candidate; no baked UI/text.
login_logo,docs/reference-art/v3b/runtime-candidates/login/logo_linh_gioi_online_v3b_light_runtime_candidate.png,client/Unity/Assets/Game/Art/Runtime/V3B/Resources/LGOArtV3B/Login/logo_linh_gioi_online_v3b_light_runtime_candidate.png,1774,887,512,256,6,yes,512,512,8aa87c98f00fe9e2e504006fdaee88da93735dc659e673ef3fb5c8728bdce3f6,581ea63c03d5cea6c442be9ef5095e3fe666d06daf81fa8de8938dd4d5a52f22,LGO_ART_V3B_RUNTIME_CANDIDATE_NOT_PRODUCTION_FINAL,Purpose-built lighter Linh Gioi Online login logo candidate; intended baked brand text only with reduced blue backdrop mass.
login_panel,docs/reference-art/v3b/runtime-candidates/login/panel_main_dark_gold_v3b_candidate.png,client/Unity/Assets/Game/Art/Runtime/V3B/Resources/LGOArtV3B/Login/panel_main_dark_gold_v3b_candidate.png,1774,887,384,192,6,yes,512,384,0ad1ac5720b504e3359e0e055b5e74ac8c4a418f1b24081cfad4286b37ce17aa,58dad607b74b7e1cf820ee049c05e852d0f642415bcb0852bc37ea12069225cb,LGO_ART_V3B_RUNTIME_CANDIDATE_NOT_PRODUCTION_FINAL,Login/Gate Entry panel skin candidate; human edge QA still required.
enter_world_button,docs/reference-art/v3b/runtime-candidates/login/button_enter_world_gold_v3b_candidate.png,client/Unity/Assets/Game/Art/Runtime/V3B/Resources/LGOArtV3B/Login/button_enter_world_gold_v3b_candidate.png,2079,756,384,139,6,yes,512,384,35534082884c166e027c185672157ac8f70990ef6b26382c23f874a0abd62e6c,9bad5ab8fefd6f47a122f230e3e3ef6eff6b34ec198d3ea841cf4a5a433f1277,LGO_ART_V3B_RUNTIME_CANDIDATE_NOT_PRODUCTION_FINAL,Primary enter-world button skin candidate; player-facing Vietnamese text remains Unity-rendered.
gate_keeper_npc_login,docs/reference-art/v3b/runtime-candidates/login/gate_keeper_npc_login_v3b_candidate.png,client/Unity/Assets/Game/Art/Runtime/V3B/Resources/LGOArtV3B/Login/gate_keeper_npc_login_v3b_candidate.png,1024,1536,256,384,6,yes,512,384,be372469d8f83aeded1ed11f692b4f5e372c7022b3b6a3c8f7b228494ab1c8aa,98680e6db4107d195b8cb88886db76a38ddbf128c3e36b73c4186261d4ecc9bd,LGO_ART_V3B_RUNTIME_CANDIDATE_NOT_PRODUCTION_FINAL,"High-resolution login Gate Keeper NPC candidate; transparent cutout, not production-final."
world_spirit_gate,docs/reference-art/v3b/runtime-candidates/world/gate/spirit_gate_v3b_candidate.png,client/Unity/Assets/Game/Art/Runtime/V3B/Resources/LGOArtV3B/World/gate/spirit_gate_v3b_candidate.png,1254,1254,384,384,6,yes,512,384,10703af5d54f1da59db613a43541090389196f9c9d662915df4399f319933334,d84910eee693272b5a1825bac79ddc7e43f5b265abcf7cb4a05134432ca89c2e,LGO_ART_V3B_RUNTIME_CANDIDATE_NOT_PRODUCTION_FINAL,"High-resolution world Spirit Gate candidate; transparent prop sprite, not production-final."
world_training_stone,docs/reference-art/v3b/runtime-candidates/world/training-stone/training_stone_v3b_candidate.png,client/Unity/Assets/Game/Art/Runtime/V3B/Resources/LGOArtV3B/World/training-stone/training_stone_v3b_candidate.png,1024,1536,256,384,6,yes,512,384,37c742616259ed68c2b3e8345a259c4229805b88e3abfe2d71f3acc972b0c511,9a5fa175fb1b3d237cf7e8b6128c6ae8bf57ebbcca4308e8fe87842dba2e7861,LGO_ART_V3B_RUNTIME_CANDIDATE_NOT_PRODUCTION_FINAL,"High-resolution Training Stone candidate; transparent interactable prop sprite, not production-final."
world_player_male_cultivator,docs/reference-art/v3b/runtime-candidates/world/characters/player_male_cultivator_idle_v3b_candidate.png,client/Unity/Assets/Game/Art/Runtime/V3B/Resources/LGOArtV3B/World/characters/player_male_cultivator_idle_v3b_candidate.png,1024,1536,320,480,6,yes,512,480,d442d0742dcdc49378693b6d269642369a804f3d4d54cecaf1cbd9cbaac40d95,56c11a31f5f448e1967252fc1de92e67a966f32a7910810af43f7b90085fb056,LGO_ART_V3B_RUNTIME_CANDIDATE_NOT_PRODUCTION_FINAL,"Corrected male cultivator idle candidate; sword is sheathed/back-mounted and not held by hilt; transparent runtime sprite, not production-final."
vfx_wind_slash_frame_01,docs/reference-art/v3b/runtime-candidates/vfx/wind-slash/wind_slash_frame_01_v3b_candidate.png,client/Unity/Assets/Game/Art/Runtime/V3B/Resources/LGOArtV3B/VFX/wind-slash/wind_slash_frame_01_v3b_candidate.png,1254,1254,192,192,6,yes,256,192,26c912a48fc9b132620f97e89c9722c56273634b28c0126797644f76675beb45,50c665471b857748818f7bebffc7bb1ef478e9cc4dbcb2265537ad2b32f7cb08,LGO_ART_V3B_RUNTIME_CANDIDATE_NOT_PRODUCTION_FINAL,"High-resolution Wind Slash VFX candidate; local feedback only, not production-final."
vfx_impact_spark,docs/reference-art/v3b/runtime-candidates/vfx/impact/impact_spark_v3b_candidate.png,client/Unity/Assets/Game/Art/Runtime/V3B/Resources/LGOArtV3B/VFX/impact/impact_spark_v3b_candidate.png,1254,1254,192,192,6,yes,256,192,f244247bb90b394d926269d08b2c8f90c746fea16ecceba95bcff2115a9e5f68,8621ef8e9f0cb049949e8f977675335d3a377b2950149f6c58f8ad8e2a7587eb,LGO_ART_V3B_RUNTIME_CANDIDATE_NOT_PRODUCTION_FINAL,"High-resolution impact spark VFX candidate; local feedback only, not production-final."
combat_cooldown_ready,docs/reference-art/v3b/runtime-candidates/combat/cooldown/cooldown_ready_v3b_candidate.png,client/Unity/Assets/Game/Art/Runtime/V3B/Resources/LGOArtV3B/Combat/cooldown/cooldown_ready_v3b_candidate.png,1254,1254,128,128,6,yes,128,128,adba5c6540c39d9f39e19fee941c4b42c70a6dd272b30913a155385629a59211,e65afed631c7865e1cc670e70e43604d661585e5b9dba3b2835b4c92022f238e,LGO_ART_V3B_RUNTIME_CANDIDATE_NOT_PRODUCTION_FINAL,"High-resolution cooldown ready ring candidate; no baked text/numbers, not production-final."
combat_cooldown_active,docs/reference-art/v3b/runtime-candidates/combat/cooldown/cooldown_active_v3b_candidate.png,client/Unity/Assets/Game/Art/Runtime/V3B/Resources/LGOArtV3B/Combat/cooldown/cooldown_active_v3b_candidate.png,1254,1254,128,128,6,yes,128,128,26af8437b7b3ff7ad04725686d17ecbd7a5cd01878b41d301115f815b8fd1820,9e5c16740d8d0f65e58d7d2914d6d7a054893040f2717761837f8763a57d562f,LGO_ART_V3B_RUNTIME_CANDIDATE_NOT_PRODUCTION_FINAL,"High-resolution cooldown active ring candidate; no baked text/numbers, not production-final."
combat_target_dummy_idle,docs/reference-art/v3b/runtime-candidates/combat/target-dummy/target_dummy_idle_v3b_candidate.png,client/Unity/Assets/Game/Art/Runtime/V3B/Resources/LGOArtV3B/Combat/target-dummy/target_dummy_idle_v3b_candidate.png,1024,1536,256,384,6,yes,512,384,c25e6913a0d8d6e8ae9b1338ce0a45ee85062eec5af40c78e90afc2bb6270f42,fb86d225dd63d861ad9af6d9066e228afd66ff1ef77f9ee2fdd52c0263ac2d8f,LGO_ART_V3B_RUNTIME_CANDIDATE_NOT_PRODUCTION_FINAL,High-resolution target dummy idle candidate; selected/hit/recover still require clean separated V3B state assets.
combat_target_dummy_selected,docs/reference-art/v3b/runtime-candidates/combat/target-dummy/target_dummy_selected_v3b_candidate.png,client/Unity/Assets/Game/Art/Runtime/V3B/Resources/LGOArtV3B/Combat/target-dummy/target_dummy_selected_v3b_candidate.png,512,768,256,384,6,yes,512,384,5ecb865917392860f6892ca8e9b55177cadc3eae520e11a607ff5013bbec7087,f0870548724c70fdbf548002e543b1b57ffd650b9751d843964d027b9213958f,LGO_ART_V3B_RUNTIME_CANDIDATE_NOT_PRODUCTION_FINAL,"Selected target dummy V3B runtime state candidate; transparent cutout, cyan selected rim, not production-final."
combat_target_dummy_hit,docs/reference-art/v3b/runtime-candidates/combat/target-dummy/target_dummy_hit_v3b_candidate.png,client/Unity/Assets/Game/Art/Runtime/V3B/Resources/LGOArtV3B/Combat/target-dummy/target_dummy_hit_v3b_candidate.png,512,768,256,384,6,yes,512,384,cdbd66ef9a84ad2a891e35e01a015c123b6e7b44f514a3511f628c645ac42215,7f78a32062aaf8acb0064828dbeb86344b56258f2a93b0a93a6a12b480070c2c,LGO_ART_V3B_RUNTIME_CANDIDATE_NOT_PRODUCTION_FINAL,"Hit target dummy V3B runtime state candidate; warm hit tint derived from selected cutout, not production-final."
combat_target_dummy_recover,docs/reference-art/v3b/runtime-candidates/combat/target-dummy/target_dummy_recover_v3b_candidate.png,client/Unity/Assets/Game/Art/Runtime/V3B/Resources/LGOArtV3B/Combat/target-dummy/target_dummy_recover_v3b_candidate.png,512,768,256,384,6,yes,512,384,fdd82a6dee96eb3666ffd4b8ca5d7b7b86594a344492aa14c29cff1eceb56d96,95b62043a396deec9e6d2765aa36ddebc43f4f6d98dc4c80d8b1bb81299c0a8e,LGO_ART_V3B_RUNTIME_CANDIDATE_NOT_PRODUCTION_FINAL,"Recover target dummy V3B runtime state candidate; cool recovery tint derived from selected cutout, not production-final."
world_tree_cherry,docs/reference-art/v3b/runtime-candidates/world/props/tree_cherry_v3b_candidate.png,client/Unity/Assets/Game/Art/Runtime/V3B/Resources/LGOArtV3B/World/props/tree_cherry_v3b_candidate.png,512,512,224,224,6,yes,256,224,b0ac9c28ca816bb4a04835d866ead7b24d57e72db5ee8b5a8ab85314374b690c,e125da365288ea8747da52d87c314108475920d237acd653df7fb8556f4b8002,LGO_ART_V3B_RUNTIME_CANDIDATE_NOT_PRODUCTION_FINAL,"Cherry blossom tree V3B runtime prop candidate; cleaned transparent sprite, not production-final."
world_tree_pine,docs/reference-art/v3b/runtime-candidates/world/props/tree_pine_v3b_candidate.png,client/Unity/Assets/Game/Art/Runtime/V3B/Resources/LGOArtV3B/World/props/tree_pine_v3b_candidate.png,512,512,256,256,6,yes,256,256,cad5e6fcd178570ec9f16d8e005059c4b49149a8a9f250c57c0c7b9887d84f0e,43facc286613ff9c53dadcf585ba177610017abbe4e80a75df93d0249ec9d67d,LGO_ART_V3B_RUNTIME_CANDIDATE_NOT_PRODUCTION_FINAL,"Pine tree V3B runtime prop candidate; cleaned transparent sprite, not production-final."
world_lantern_prop,docs/reference-art/v3b/runtime-candidates/world/props/lantern_prop_v3b_candidate.png,client/Unity/Assets/Game/Art/Runtime/V3B/Resources/LGOArtV3B/World/props/lantern_prop_v3b_candidate.png,512,768,192,288,6,yes,512,288,0c08be9c96a2c568329458b33d9a51f52161f7d68d3bdf288026dbdfd7fbc85b,685946973e8503514d6f1ce515501c407145f04e85bacf4c7c9dc8a65b1535ee,LGO_ART_V3B_RUNTIME_CANDIDATE_NOT_PRODUCTION_FINAL,"Cultivation lantern V3B runtime prop candidate; cleaned transparent sprite, not production-final."
world_rock_moss,docs/reference-art/v3b/runtime-candidates/world/props/rock_moss_v3b_candidate.png,client/Unity/Assets/Game/Art/Runtime/V3B/Resources/LGOArtV3B/World/props/rock_moss_v3b_candidate.png,512,512,192,192,6,yes,256,192,1c2f6acbfa0de3f8da3bea3d344db304edcd04c50a1eee5abffcffec1b1669ad,b8d2aa93aed3bd18e83cd5a3202e36b39a51608054e81fb979fe43ba29df6f67,LGO_ART_V3B_RUNTIME_CANDIDATE_NOT_PRODUCTION_FINAL,"Mossy rune rock V3B runtime prop candidate; cleaned transparent sprite, not production-final."
world_bridge_wood,docs/reference-art/v3b/runtime-candidates/world/props/bridge_wood_v3b_candidate.png,client/Unity/Assets/Game/Art/Runtime/V3B/Resources/LGOArtV3B/World/props/bridge_wood_v3b_candidate.png,768,384,384,192,6,yes,512,384,54522a44c42751c2d0ac2253628bbe69ae0e0ddcf8fb4c7e01c0fb9dc7af16c4,2a10667961480a8d4116e343c05b011fb76053030afe42a5971943eded89df25,LGO_ART_V3B_RUNTIME_CANDIDATE_NOT_PRODUCTION_FINAL,"Wooden bridge V3B runtime prop candidate; cleaned transparent sprite, not production-final."
world_banner_cultivation,docs/reference-art/v3b/runtime-candidates/world/props/banner_cultivation_v3b_candidate.png,client/Unity/Assets/Game/Art/Runtime/V3B/Resources/LGOArtV3B/World/props/banner_cultivation_v3b_candidate.png,512,768,192,288,6,yes,512,288,16ca4cef0bba5501dc16e8c1c7cacb6f83d821cfaf8e71784fa7f00bfbe3c081,c358e3a34e649a3fdbc1a2925f8730b0a15408b3c1311af432661cdeaa24f000,LGO_ART_V3B_RUNTIME_CANDIDATE_NOT_PRODUCTION_FINAL,"Cultivation banner V3B runtime prop candidate; no baked text, cleaned transparent sprite, not production-final."
world_shadow_slime,docs/reference-art/v3b/runtime-candidates/world/creatures/shadow_slime_v3b_candidate.png,client/Unity/Assets/Game/Art/Runtime/V3B/Resources/LGOArtV3B/World/creatures/shadow_slime_v3b_candidate.png,512,512,192,192,6,yes,256,192,ebdb191b9540446a11f01658ac0de06f1c4a1d25e6fffbbc03acae2e215bd654,16d31f0e1c175b6c43b3f4dbd63d18c7f67178c3ebe06b368781474916919d5b,LGO_ART_V3B_RUNTIME_CANDIDATE_NOT_PRODUCTION_FINAL,"Shadow slime V3B non-combat warning sprite candidate; cleaned transparent sprite, not production-final."
